date,sd_slot_availability_pct,dod_availability_pp
2026-01-01,86.07,
2026-01-02,87.84,1.77
2026-01-03,88.38,0.54
2026-01-04,87.74,-0.64
2026-01-05,87.06,-0.68
2026-01-06,86.9,-0.16
2026-01-07,85.57,-1.33
2026-01-08,85.74,0.17
2026-01-09,86.15,0.41
2026-01-10,86.39,0.24
2026-01-11,86.35,-0.04
2026-01-12,85.83,-0.52
2026-01-13,86.64,0.81
2026-01-14,87.49,0.85
2026-01-15,86.16,-1.33
2026-01-16,85.77,-0.39
2026-01-17,85.69,-0.08
2026-01-18,86.06,0.37
2026-01-19,85.91,-0.15
2026-01-20,85.28,-0.63
2026-01-21,85.59,0.31
2026-01-22,86.01,0.42
2026-01-23,85.61,-0.4
2026-01-24,86.18,0.57
2026-01-25,86.43,0.25
2026-01-26,86.41,-0.02
2026-01-27,85.58,-0.83
2026-01-28,85.79,0.21
2026-01-29,85.86,0.07
2026-01-30,85.56,-0.3
2026-01-31,86.14,0.58
2026-02-01,85.97,-0.17
2026-02-02,85.96,-0.01
2026-02-03,86.76,0.8
2026-02-04,86.64,-0.12
2026-02-05,86.76,0.12
2026-02-06,86.12,-0.64
2026-02-07,87.27,1.15
2026-02-08,86.87,-0.4
2026-02-09,87.1,0.23
2026-02-10,88.46,1.36
2026-02-11,86.19,-2.27
2026-02-12,85.44,-0.75
2026-02-13,86.88,1.44
2026-02-14,86.76,-0.12
2026-02-15,87.05,0.29
2026-02-16,84.71,-2.34
2026-02-17,83.42,-1.29
2026-02-18,85.12,1.7
2026-02-19,85.33,0.21
2026-02-20,85.12,-0.21
2026-02-21,85.76,0.64
2026-02-22,86.07,0.31
2026-02-23,83.46,-2.61
2026-02-24,84.92,1.46
2026-02-25,84.92,0.0
2026-02-26,84.7,-0.22
2026-02-27,85.1,0.4
2026-02-28,84.68,-0.42
2026-03-01,86.62,1.94
2026-03-02,85.57,-1.05
2026-03-03,84.72,-0.85
2026-03-04,64.65,-20.07
2026-03-05,62.96,-1.69
2026-03-06,46.17,-16.79
2026-03-07,35.69,-10.48
2026-03-08,35.28,-0.41
2026-03-09,35.16,-0.12
2026-03-10,35.35,0.19
2026-03-11,35.33,-0.02
2026-03-12,35.84,0.51
2026-03-13,35.95,0.11
2026-03-14,36.12,0.17
2026-03-15,36.49,0.37
2026-03-16,36.54,0.05
2026-03-17,37.16,0.62
2026-03-18,36.73,-0.43
2026-03-19,35.8,-0.93
2026-03-20,36.24,0.44
2026-03-21,36.96,0.72
2026-03-22,37.45,0.49
2026-03-23,37.38,-0.07
2026-03-24,54.47,17.09
2026-03-25,54.97,0.5
2026-03-26,55.93,0.96
2026-03-27,82.52,26.59
2026-03-28,84.05,1.53
2026-03-29,80.16,-3.89
2026-03-30,82.34,2.18
2026-03-31,82.61,0.27
2026-04-01,82.81,0.2
2026-04-02,82.64,-0.17
2026-04-03,83.57,0.93
2026-04-04,83.45,-0.12
2026-04-05,82.66,-0.79
2026-04-06,66.75,-15.91
2026-04-07,47.85,-18.9
2026-04-08,47.8,-0.05
2026-04-09,47.95,0.15
2026-04-10,47.4,-0.55
2026-04-11,47.14,-0.26
2026-04-12,47.4,0.26
2026-04-13,46.91,-0.49
2026-04-14,47.1,0.19
2026-04-15,62.27,15.17
2026-04-16,83.04,20.77
2026-04-17,89.34,6.3
2026-04-18,87.53,-1.81
2026-04-19,89.59,2.06
2026-04-20,88.53,-1.06
2026-04-21,88.75,0.22
2026-04-22,88.71,-0.04
2026-04-23,88.12,-0.59
2026-04-24,88.27,0.15
2026-04-25,87.21,-1.06
2026-04-26,85.19,-2.02
2026-04-27,87.58,2.39
2026-04-28,88.63,1.05
2026-04-29,85.38,-3.25
2026-04-30,85.07,-0.31
2026-05-01,85.26,0.19
2026-05-02,87.88,2.62
2026-05-03,85.64,-2.24
2026-05-04,86.33,0.69
2026-05-05,86.29,-0.04
2026-05-06,82.27,-4.02
2026-05-07,81.52,-0.75
2026-05-08,80.62,-0.9
2026-05-09,79.17,-1.45
2026-05-10,89.65,10.48
2026-05-11,88.49,-1.16
2026-05-12,89.04,0.55
2026-05-13,89.02,-0.02
2026-05-14,88.48,-0.54
2026-05-15,88.35,-0.13
2026-05-16,87.94,-0.41
2026-05-17,87.95,0.01
2026-05-18,87.28,-0.67
2026-05-19,87.46,0.18
2026-05-20,87.55,0.09
2026-05-21,88.27,0.72
2026-05-22,88.42,0.15
2026-05-23,88.69,0.27
2026-05-24,87.72,-0.97
2026-05-25,86.88,-0.84
2026-05-26,87.46,0.58
2026-05-27,88.24,0.78
2026-05-28,88.91,0.67
2026-05-29,87.26,-1.65
2026-05-30,87.02,-0.24
2026-05-31,86.92,-0.1
2026-06-01,87.18,0.26
2026-06-02,87.63,0.45
2026-06-03,88.04,0.41
2026-06-04,87.81,-0.23
2026-06-05,87.72,-0.09
2026-06-06,87.3,-0.42
2026-06-07,87.8,0.5
2026-06-08,87.67,-0.13
2026-06-09,89.99,2.32
2026-06-10,89.67,-0.32
2026-06-11,89.62,-0.05
2026-06-12,89.71,0.09
2026-06-13,89.81,0.1
2026-06-14,89.15,-0.66
2026-06-15,89.27,0.12
2026-06-16,89.01,-0.26
2026-06-17,88.89,-0.12
2026-06-18,88.96,0.07
2026-06-19,88.84,-0.12
2026-06-20,89.06,0.22
2026-06-21,88.73,-0.33
2026-06-22,88.83,0.1
2026-06-23,88.78,-0.05
2026-06-24,88.42,-0.36
2026-06-25,88.21,-0.21
2026-06-26,88.1,-0.11
2026-06-27,88.59,0.49
2026-06-28,88.58,-0.01
2026-06-29,88.16,-0.42
2026-06-30,89.49,1.33
2026-07-01,89.28,-0.21
2026-07-02,88.07,-1.21
2026-07-03,89.16,1.09
2026-07-04,87.82,-1.34
2026-07-05,88.6,0.78
2026-07-06,87.22,-1.38
2026-07-07,87.2,-0.02
2026-07-08,87.59,0.39
2026-07-09,87.19,-0.4
2026-07-10,88.02,0.83
2026-07-11,88.22,0.2
2026-07-12,88.45,0.23
2026-07-13,88.21,-0.24
2026-07-14,87.99,-0.22
2026-07-15,87.95,-0.04
2026-07-16,87.82,-0.13
2026-07-17,88.22,0.4
2026-07-18,88.28,0.06
2026-07-19,88.17,-0.11
2026-07-20,87.55,-0.62
2026-07-21,87.8,0.25
2026-07-22,87.41,-0.39
2026-07-23,87.11,-0.3
2026-07-24,86.67,-0.44
2026-07-25,87.7,1.03
2026-07-26,87.93,0.23
2026-07-27,87.38,-0.55
2026-07-28,87.05,-0.33
2026-07-29,87.09,0.04
2026-07-30,86.82,-0.27
2026-07-31,87.02,0.2
2026-08-01,86.79,-0.23
2026-08-02,87.03,0.24
2026-08-03,86.66,-0.37
2026-08-04,86.03,-0.63
2026-08-05,86.0,-0.03
2026-08-06,85.97,-0.03
2026-08-07,85.44,-0.53
2026-08-08,85.52,0.08
2026-08-09,86.13,0.61
2026-08-10,85.95,-0.18
2026-08-11,85.33,-0.62
2026-08-12,85.59,0.26
2026-08-13,85.21,-0.38
2026-08-14,85.11,-0.1
2026-08-15,85.26,0.15
2026-08-16,85.68,0.42
2026-08-17,85.41,-0.27
2026-08-18,84.92,-0.49
2026-08-19,84.94,0.02
2026-08-20,85.0,0.06
2026-08-21,84.78,-0.22
2026-08-22,85.13,0.35
2026-08-23,85.29,0.16
2026-08-24,85.29,0.0
2026-08-25,84.85,-0.44
2026-08-26,85.09,0.24
2026-08-27,85.75,0.66
2026-08-28,86.07,0.32
2026-08-29,84.94,-1.13
2026-08-30,85.11,0.17
2026-08-31,84.74,-0.37
2026-09-01,84.27,-0.47
2026-09-02,83.96,-0.31
2026-09-03,83.61,-0.35
